[{"name":"新疆",  "itemStyle":{"areaColor": "#2384B7"}},
 {"name":"西藏",  "itemStyle":{"areaColor": "#26A2D1"}},
 {"name":"内蒙古","itemStyle":{"areaColor": "#26A2D1"}},
 {"name":"青海",  "itemStyle":{"areaColor": "#2384B7"}},
 {"name":"四川",  "itemStyle":{"areaColor": "#206199"}},
 {"name":"黑龙江","itemStyle":{"areaColor": "#2384B7"}},
 {"name":"甘肃",  "itemStyle":{"areaColor": "#206199"}},
 {"name":"云南",  "itemStyle":{"areaColor": "#27B1DE"}},
 {"name":"广西",  "itemStyle":{"areaColor": "#26A2D1"}},
 {"name":"湖南",  "itemStyle":{"areaColor": "#2384B7"}},
 {"name":"陕西",  "itemStyle":{"areaColor": "#2384B7"}},
 {"name":"广东",  "itemStyle":{"areaColor": "#26A2D1"}},
 {"name":"吉林",  "itemStyle":{"areaColor": "#27B1DE"}},
 {"name":"河北",  "itemStyle":{"areaColor": "#2384B7"}},
 {"name":"湖北",  "itemStyle":{"areaColor": "#206199"}},
 {"name":"贵州",  "itemStyle":{"areaColor": "#26A2D1"}},
 {"name":"山东",  "itemStyle":{"areaColor": "#27B1DE"}},
 {"name":"江西",  "itemStyle":{"areaColor": "#2384B7"}},
 {"name":"河南",  "itemStyle":{"areaColor": "#206199"}},
 {"name":"辽宁",  "itemStyle":{"areaColor": "#26A2D1"}},
 {"name":"山西",  "itemStyle":{"areaColor": "#27B1DE"}},
 {"name":"安徽",  "itemStyle":{"areaColor": "#2384B7"}},
 {"name":"福建",  "itemStyle":{"areaColor": "#206199"}},
 {"name":"浙江",  "itemStyle":{"areaColor": "#26A2D1"}},
 {"name":"江苏",  "itemStyle":{"areaColor": "#27B1DE"}},
 {"name":"重庆",  "itemStyle":{"areaColor": "#2384B7"}},
 {"name":"宁夏",  "itemStyle":{"areaColor": "#206199"}},
 {"name":"海南",  "itemStyle":{"areaColor": "#26A2D1"}},
 {"name":"台湾",  "itemStyle":{"areaColor": "#27B1DE"}},
 {"name":"北京",  "itemStyle":{"areaColor": "#2384B7"}},
 {"name":"天津",  "itemStyle":{"areaColor": "#206199"}},
 {"name":"香港",  "itemStyle":{"areaColor": "#26A2D1"}},
 {"name":"澳门",  "itemStyle":{"areaColor": "#27B1DE"}},
 {"name":"上海",  "itemStyle":{"areaColor": "#27B1DE"}}
]
